0.697 ± 0.044,71.031 ± 5.008
0.673 ± 0.042,68.553 ± 4.779
0.686 ± 0.029,69.671 ± 2.873
0.692 ± 0.088,70.658 ± 8.950
0.686 ± 0.069,70.877 ± 6.654
0.672 ± 0.072,69.123 ± 7.621
0.712 ± 0.032,72.961 ± 3.220
0.698 ± 0.028,71.535 ± 2.854
0.694 ± 0.018,70.943 ± 2.062
0.721 ± 0.047,74.035 ± 4.271
0.709 ± 0.040,72.588 ± 3.731
0.676 ± 0.036,69.539 ± 4.552
0.733 ± 0.020,75.154 ± 2.173
0.727 ± 0.016,74.320 ± 1.187
0.720 ± 0.014,73.509 ± 1.850
0.738 ± 0.029,75.373 ± 2.376
0.720 ± 0.031,73.399 ± 3.100
0.711 ± 0.025,72.215 ± 2.396
0.756 ± 0.016,76.820 ± 1.624
0.751 ± 0.014,76.623 ± 0.798
0.743 ± 0.009,76.053 ± 0.990
0.748 ± 0.014,76.009 ± 1.276
0.739 ± 0.017,75.877 ± 1.656
0.731 ± 0.020,74.298 ± 1.850
0.686 ± 0.065,69.386 ± 7.645
0.678 ± 0.074,68.421 ± 8.619
0.694 ± 0.071,69.781 ± 7.331
0.634 ± 0.098,64.671 ± 10.989
0.672 ± 0.116,68.048 ± 12.858
0.712 ± 0.094,71.930 ± 9.487
0.727 ± 0.039,74.276 ± 4.798
0.712 ± 0.041,72.544 ± 5.159
0.710 ± 0.043,71.623 ± 4.987
0.708 ± 0.062,72.105 ± 7.402
0.714 ± 0.066,72.654 ± 6.777
0.705 ± 0.066,71.513 ± 7.072
0.735 ± 0.028,75.526 ± 2.903
0.729 ± 0.026,74.803 ± 2.836
0.733 ± 0.027,74.561 ± 2.544
0.740 ± 0.035,75.724 ± 3.753
0.713 ± 0.041,73.114 ± 4.229
0.724 ± 0.039,73.531 ± 4.478
0.755 ± 0.018,77.215 ± 1.350
0.752 ± 0.018,76.754 ± 1.699
0.745 ± 0.022,75.943 ± 1.575
0.755 ± 0.016,76.711 ± 1.018
0.751 ± 0.018,76.601 ± 1.641
0.740 ± 0.026,75.482 ± 2.255
0.696 ± 0.061,70.395 ± 6.442
0.675 ± 0.060,68.794 ± 6.796
0.659 ± 0.044,67.105 ± 4.918
0.636 ± 0.101,65.000 ± 10.466
0.681 ± 0.089,68.838 ± 9.121
0.702 ± 0.055,71.711 ± 5.692
0.716 ± 0.042,72.719 ± 4.237
0.716 ± 0.042,72.719 ± 4.244
0.688 ± 0.014,70.000 ± 2.561
0.730 ± 0.053,74.123 ± 5.175
0.708 ± 0.061,72.259 ± 6.103
0.684 ± 0.057,69.539 ± 5.938
0.731 ± 0.021,75.044 ± 1.746
0.728 ± 0.015,74.386 ± 2.082
0.718 ± 0.010,73.268 ± 1.586
0.745 ± 0.032,76.031 ± 2.700
0.726 ± 0.037,74.057 ± 3.989
0.707 ± 0.032,72.083 ± 3.438
0.755 ± 0.011,76.798 ± 0.999
0.749 ± 0.012,76.294 ± 1.031
0.743 ± 0.011,75.526 ± 1.442
0.749 ± 0.019,76.447 ± 1.713
0.744 ± 0.019,75.570 ± 1.674
0.731 ± 0.014,74.474 ± 1.370
0.649 ± 0.052,65.504 ± 5.982
0.634 ± 0.031,64.408 ± 5.189
0.642 ± 0.029,65.461 ± 4.085
0.682 ± 0.089,69.211 ± 9.152
0.700 ± 0.060,71.360 ± 5.824
0.705 ± 0.049,71.513 ± 4.840
0.677 ± 0.020,68.947 ± 2.941
0.678 ± 0.012,69.518 ± 2.189
0.677 ± 0.019,68.684 ± 3.241
0.700 ± 0.054,71.184 ± 5.826
0.665 ± 0.052,67.829 ± 4.894
0.627 ± 0.031,63.947 ± 3.550
0.726 ± 0.015,73.618 ± 1.118
0.717 ± 0.011,73.268 ± 1.332
0.714 ± 0.014,73.004 ± 1.938
0.714 ± 0.030,72.434 ± 3.822
0.683 ± 0.029,68.618 ± 3.316
0.674 ± 0.020,68.377 ± 2.607
0.747 ± 0.014,75.899 ± 1.246
0.743 ± 0.014,75.768 ± 1.353
0.737 ± 0.010,74.890 ± 1.245
0.732 ± 0.014,74.364 ± 1.436
0.732 ± 0.012,74.298 ± 1.282
0.719 ± 0.014,72.763 ± 1.876
0.664 ± 0.059,66.864 ± 6.116
0.660 ± 0.042,66.601 ± 4.640
0.655 ± 0.033,66.031 ± 4.199
0.641 ± 0.112,64.978 ± 11.503
0.684 ± 0.088,68.838 ± 9.888
0.683 ± 0.080,69.386 ± 8.191
0.704 ± 0.039,71.228 ± 3.514
0.694 ± 0.034,69.474 ± 3.568
0.671 ± 0.019,68.377 ± 3.311
0.720 ± 0.064,73.333 ± 5.989
0.719 ± 0.057,72.697 ± 5.922
0.692 ± 0.060,70.439 ± 5.025
0.732 ± 0.029,73.355 ± 2.991
0.718 ± 0.013,72.785 ± 2.205
0.709 ± 0.022,71.908 ± 2.123
0.736 ± 0.044,74.627 ± 4.250
0.733 ± 0.035,74.561 ± 2.919
0.703 ± 0.036,71.447 ± 3.436
0.746 ± 0.022,76.272 ± 1.285
0.735 ± 0.017,75.110 ± 1.771
0.715 ± 0.019,72.851 ± 2.950
0.754 ± 0.017,76.513 ± 1.711
0.740 ± 0.018,75.197 ± 1.502
0.725 ± 0.012,73.575 ± 1.349
0.653 ± 0.037,65.461 ± 5.553
0.638 ± 0.030,64.189 ± 4.446
0.636 ± 0.036,64.627 ± 5.004
0.658 ± 0.096,66.469 ± 11.067
0.695 ± 0.052,70.789 ± 5.897
0.688 ± 0.064,70.110 ± 6.046
0.669 ± 0.021,67.763 ± 3.463
0.675 ± 0.015,68.596 ± 3.374
0.669 ± 0.022,68.509 ± 4.323
0.707 ± 0.052,71.447 ± 5.443
0.667 ± 0.054,66.776 ± 6.009
0.640 ± 0.047,64.759 ± 4.591
0.719 ± 0.012,72.478 ± 1.384
0.712 ± 0.012,72.675 ± 1.582
0.714 ± 0.015,72.763 ± 1.751
0.714 ± 0.033,72.105 ± 3.665
0.688 ± 0.027,69.430 ± 3.786
0.664 ± 0.021,67.763 ± 3.037
0.747 ± 0.015,75.680 ± 1.058
0.738 ± 0.015,75.351 ± 1.194
0.733 ± 0.010,74.430 ± 1.306
0.738 ± 0.011,74.627 ± 1.248
0.725 ± 0.012,73.377 ± 1.866
0.716 ± 0.013,73.180 ± 1.394
0.677 ± 0.023,68.311 ± 4.748
0.680 ± 0.033,68.969 ± 4.658
0.678 ± 0.029,68.969 ± 4.699
0.689 ± 0.048,69.956 ± 4.031
0.674 ± 0.040,68.333 ± 4.117
0.666 ± 0.034,67.346 ± 3.492
0.682 ± 0.018,69.079 ± 3.104
0.696 ± 0.016,70.285 ± 3.097
0.688 ± 0.012,69.671 ± 2.954
0.669 ± 0.052,67.390 ± 5.533
0.671 ± 0.036,67.544 ± 5.189
0.664 ± 0.040,66.908 ± 5.062
0.704 ± 0.016,72.237 ± 2.102
0.702 ± 0.011,71.425 ± 1.744
0.699 ± 0.014,71.096 ± 1.757
0.672 ± 0.022,68.465 ± 3.356
0.670 ± 0.010,67.544 ± 3.054
0.658 ± 0.016,66.162 ± 3.630
0.723 ± 0.014,73.618 ± 1.569
0.719 ± 0.019,73.289 ± 1.690
0.715 ± 0.011,72.390 ± 2.324
0.711 ± 0.010,71.623 ± 1.779
0.710 ± 0.011,72.171 ± 1.090
0.695 ± 0.013,70.461 ± 1.784
0.654 ± 0.035,65.724 ± 4.741
0.656 ± 0.031,66.579 ± 4.370
0.660 ± 0.026,66.930 ± 4.316
0.628 ± 0.095,62.982 ± 9.651
0.622 ± 0.084,63.268 ± 8.103
0.636 ± 0.037,63.838 ± 3.855
0.677 ± 0.025,68.706 ± 3.765
0.685 ± 0.025,69.452 ± 4.756
0.686 ± 0.034,69.912 ± 4.099
0.659 ± 0.044,66.513 ± 5.399
0.660 ± 0.031,66.908 ± 4.319
0.647 ± 0.025,65.219 ± 3.823
0.688 ± 0.022,69.298 ± 3.104
0.676 ± 0.020,68.026 ± 3.015
0.678 ± 0.017,69.035 ± 2.640
0.686 ± 0.028,68.355 ± 4.161
0.667 ± 0.030,66.996 ± 4.792
0.664 ± 0.021,66.798 ± 3.807
0.691 ± 0.027,68.618 ± 3.714
0.684 ± 0.025,69.583 ± 3.385
0.674 ± 0.019,68.728 ± 3.216
0.709 ± 0.017,71.623 ± 2.812
0.688 ± 0.028,69.057 ± 3.984
0.685 ± 0.032,69.101 ± 3.401
0.654 ± 0.046,65.789 ± 5.508
0.665 ± 0.044,67.632 ± 5.566
0.673 ± 0.021,68.114 ± 2.015
0.660 ± 0.066,66.820 ± 7.441
0.661 ± 0.040,66.689 ± 4.664
0.661 ± 0.030,65.921 ± 3.472
0.675 ± 0.023,69.167 ± 3.187
0.681 ± 0.027,69.211 ± 3.899
0.689 ± 0.020,69.518 ± 3.445
0.656 ± 0.060,66.009 ± 6.648
0.650 ± 0.033,65.899 ± 4.799
0.646 ± 0.035,64.868 ± 4.568
0.699 ± 0.012,71.382 ± 1.677
0.695 ± 0.015,70.219 ± 3.104
0.696 ± 0.015,70.570 ± 2.242
0.670 ± 0.024,67.105 ± 3.973
0.662 ± 0.022,66.864 ± 3.937
0.661 ± 0.023,66.645 ± 4.278
0.720 ± 0.016,73.553 ± 1.429
0.723 ± 0.015,72.895 ± 1.210
0.718 ± 0.011,72.434 ± 2.099
0.711 ± 0.013,72.083 ± 1.919
0.704 ± 0.013,71.162 ± 1.570
0.688 ± 0.009,70.022 ± 1.670
0.689 ± 0.048,69.759 ± 5.248
0.674 ± 0.043,68.860 ± 4.406
0.673 ± 0.025,68.662 ± 3.201
0.690 ± 0.103,70.329 ± 10.283
0.685 ± 0.084,70.088 ± 8.219
0.698 ± 0.074,70.570 ± 7.489
0.710 ± 0.027,72.105 ± 3.787
0.702 ± 0.027,71.272 ± 3.235
0.695 ± 0.019,71.469 ± 1.769
0.718 ± 0.053,73.728 ± 4.544
0.705 ± 0.045,72.434 ± 4.057
0.672 ± 0.041,68.794 ± 4.413
0.733 ± 0.020,75.022 ± 2.011
0.725 ± 0.012,73.860 ± 1.376
0.718 ± 0.013,72.982 ± 1.670
0.728 ± 0.034,74.671 ± 2.973
0.717 ± 0.035,73.509 ± 3.344
0.701 ± 0.027,72.149 ± 2.849
0.757 ± 0.016,76.864 ± 1.349
0.751 ± 0.012,76.557 ± 0.998
0.743 ± 0.009,76.053 ± 1.289
0.747 ± 0.019,76.162 ± 1.468
0.742 ± 0.016,75.855 ± 1.540
0.730 ± 0.015,74.539 ± 2.170
0.678 ± 0.072,69.254 ± 7.996
0.695 ± 0.058,70.044 ± 7.086
0.707 ± 0.068,71.206 ± 7.658
0.638 ± 0.097,64.759 ± 11.258
0.671 ± 0.115,67.851 ± 12.480
0.710 ± 0.106,71.908 ± 10.889
0.713 ± 0.044,72.697 ± 4.900
0.713 ± 0.041,72.544 ± 5.098
0.730 ± 0.038,74.254 ± 4.254
0.694 ± 0.066,70.592 ± 7.597
0.681 ± 0.065,69.276 ± 7.203
0.681 ± 0.069,69.101 ± 7.211
0.741 ± 0.028,75.921 ± 3.056
0.742 ± 0.028,75.285 ± 3.010
0.732 ± 0.026,74.145 ± 2.455
0.730 ± 0.036,74.693 ± 4.532
0.732 ± 0.041,74.868 ± 4.842
0.720 ± 0.043,73.202 ± 4.737
0.754 ± 0.016,76.754 ± 1.428
0.753 ± 0.017,77.237 ± 1.629
0.743 ± 0.022,75.504 ± 1.894
0.751 ± 0.020,76.908 ± 1.425
0.747 ± 0.021,76.316 ± 1.768
0.740 ± 0.021,75.504 ± 2.180
0.694 ± 0.069,70.373 ± 7.527
0.686 ± 0.068,69.189 ± 7.377
0.691 ± 0.031,70.110 ± 3.435
0.633 ± 0.104,63.991 ± 11.184
0.640 ± 0.101,65.000 ± 10.421
0.690 ± 0.094,70.526 ± 10.210
0.714 ± 0.043,72.873 ± 4.592
0.710 ± 0.041,71.952 ± 4.400
0.686 ± 0.016,69.934 ± 2.369
0.711 ± 0.062,72.632 ± 6.561
0.712 ± 0.052,72.807 ± 5.581
0.673 ± 0.048,68.816 ± 5.232
0.732 ± 0.023,74.518 ± 1.961
0.726 ± 0.017,74.320 ± 1.700
0.718 ± 0.012,72.654 ± 1.719
0.737 ± 0.036,74.868 ± 3.466
0.727 ± 0.040,74.079 ± 3.840
0.696 ± 0.033,70.811 ± 3.793
0.752 ± 0.015,76.886 ± 1.186
0.749 ± 0.013,76.272 ± 1.180
0.741 ± 0.010,75.702 ± 1.055
0.752 ± 0.017,76.711 ± 1.427
0.747 ± 0.020,76.228 ± 1.202
0.733 ± 0.020,74.693 ± 1.636
0.650 ± 0.043,65.592 ± 5.434
0.644 ± 0.041,66.140 ± 4.804
0.639 ± 0.029,65.154 ± 4.747
0.717 ± 0.054,73.399 ± 5.150
0.697 ± 0.053,71.425 ± 5.530
0.711 ± 0.045,72.325 ± 4.324
0.678 ± 0.017,69.276 ± 2.524
0.683 ± 0.018,69.276 ± 3.017
0.674 ± 0.015,68.904 ± 3.013
0.699 ± 0.058,70.811 ± 5.786
0.674 ± 0.040,68.246 ± 4.489
0.637 ± 0.032,64.846 ± 3.597
0.717 ± 0.013,73.596 ± 1.230
0.717 ± 0.014,72.982 ± 1.441
0.712 ± 0.013,72.807 ± 1.684
0.703 ± 0.045,70.702 ± 4.291
0.688 ± 0.025,69.452 ± 3.369
0.670 ± 0.017,67.719 ± 2.622
0.747 ± 0.014,75.746 ± 1.230
0.743 ± 0.015,75.702 ± 1.009
0.740 ± 0.009,75.197 ± 1.098
0.737 ± 0.011,74.890 ± 1.048
0.727 ± 0.014,73.706 ± 1.389
0.719 ± 0.014,73.333 ± 1.501
0.660 ± 0.057,66.118 ± 6.614
0.657 ± 0.051,66.250 ± 5.817
0.655 ± 0.037,66.360 ± 4.496
0.682 ± 0.104,69.167 ± 10.769
0.640 ± 0.110,63.925 ± 11.887
0.699 ± 0.049,70.965 ± 3.908
0.705 ± 0.039,70.548 ± 4.096
0.690 ± 0.036,69.430 ± 3.290
0.684 ± 0.021,68.816 ± 3.453
0.723 ± 0.067,74.189 ± 5.742
0.709 ± 0.056,72.039 ± 5.524
0.696 ± 0.056,70.263 ± 5.268
0.735 ± 0.031,74.803 ± 2.383
0.715 ± 0.029,72.259 ± 3.041
0.693 ± 0.030,69.890 ± 3.458
0.744 ± 0.039,75.833 ± 3.728
0.733 ± 0.032,74.759 ± 2.954
0.712 ± 0.032,71.996 ± 2.978
0.740 ± 0.023,75.965 ± 1.749
0.735 ± 0.019,75.022 ± 1.580
0.714 ± 0.020,72.829 ± 3.786
0.753 ± 0.018,76.667 ± 1.639
0.737 ± 0.019,75.110 ± 1.917
0.725 ± 0.020,73.553 ± 1.639
0.640 ± 0.055,64.846 ± 6.528
0.632 ± 0.031,64.408 ± 4.222
0.650 ± 0.031,66.228 ± 5.012
0.673 ± 0.109,68.421 ± 11.289
0.692 ± 0.077,70.592 ± 7.956
0.689 ± 0.071,69.715 ± 7.297
0.681 ± 0.020,69.671 ± 2.695
0.674 ± 0.018,68.684 ± 3.567
0.669 ± 0.025,68.224 ± 3.704
0.693 ± 0.059,70.592 ± 5.597
0.665 ± 0.048,67.127 ± 5.642
0.636 ± 0.035,64.342 ± 3.940
0.720 ± 0.015,72.851 ± 1.358
0.714 ± 0.011,72.873 ± 1.189
0.710 ± 0.012,72.325 ± 1.393
0.713 ± 0.038,72.237 ± 3.764
0.688 ± 0.029,69.430 ± 4.056
0.668 ± 0.018,67.829 ± 2.743
0.746 ± 0.014,75.702 ± 1.322
0.742 ± 0.014,75.439 ± 1.721
0.731 ± 0.013,74.518 ± 0.945
0.732 ± 0.010,74.364 ± 1.175
0.729 ± 0.012,73.969 ± 1.732
0.716 ± 0.007,73.092 ± 1.455
0.663 ± 0.034,67.325 ± 4.932
0.662 ± 0.025,66.798 ± 4.079
0.675 ± 0.032,68.268 ± 4.210
0.688 ± 0.046,69.474 ± 4.557
0.670 ± 0.037,67.697 ± 3.704
0.663 ± 0.030,66.842 ± 3.356
0.687 ± 0.019,69.101 ± 3.404
0.685 ± 0.019,69.956 ± 2.462
0.683 ± 0.012,69.079 ± 2.836
0.671 ± 0.052,67.741 ± 5.982
0.662 ± 0.039,66.667 ± 4.523
0.670 ± 0.029,67.675 ± 3.845
0.703 ± 0.014,71.425 ± 1.902
0.701 ± 0.011,71.184 ± 2.224
0.698 ± 0.016,70.439 ± 2.345
0.670 ± 0.016,67.522 ± 2.433
0.659 ± 0.023,66.250 ± 3.827
0.668 ± 0.018,67.456 ± 3.277
0.727 ± 0.015,74.079 ± 0.903
0.725 ± 0.013,73.553 ± 1.570
0.714 ± 0.013,72.456 ± 2.379
0.711 ± 0.010,72.368 ± 1.776
0.707 ± 0.013,71.974 ± 1.596
0.700 ± 0.013,71.294 ± 2.431
0.667 ± 0.041,67.632 ± 6.367
0.659 ± 0.036,66.952 ± 5.365
0.657 ± 0.038,66.338 ± 5.286
0.617 ± 0.090,62.588 ± 9.556
0.628 ± 0.052,63.399 ± 5.302
0.633 ± 0.035,63.706 ± 4.150
0.672 ± 0.017,67.763 ± 3.772
0.680 ± 0.029,68.684 ± 3.969
0.678 ± 0.024,69.430 ± 3.186
0.666 ± 0.057,67.083 ± 6.270
0.650 ± 0.044,65.351 ± 4.401
0.645 ± 0.030,65.110 ± 3.920
0.684 ± 0.019,69.474 ± 2.135
0.680 ± 0.017,68.026 ± 3.095
0.677 ± 0.014,68.750 ± 2.385
0.694 ± 0.037,69.825 ± 4.629
0.669 ± 0.028,67.018 ± 4.578
0.651 ± 0.015,65.768 ± 3.608
0.687 ± 0.026,69.320 ± 4.136
0.685 ± 0.024,69.364 ± 3.706
0.672 ± 0.021,67.917 ± 2.682
0.707 ± 0.018,71.711 ± 2.504
0.693 ± 0.024,69.781 ± 3.575
0.678 ± 0.020,67.719 ± 2.742
0.659 ± 0.026,66.118 ± 5.216
0.665 ± 0.028,67.237 ± 4.103
0.668 ± 0.031,67.061 ± 3.438
0.646 ± 0.091,65.110 ± 9.422
0.660 ± 0.036,66.732 ± 4.419
0.649 ± 0.034,65.285 ± 3.722
0.682 ± 0.018,69.430 ± 3.906
0.679 ± 0.020,68.860 ± 3.725
0.684 ± 0.010,69.934 ± 3.350
0.662 ± 0.041,67.412 ± 5.304
0.659 ± 0.041,66.732 ± 5.364
0.658 ± 0.036,66.096 ± 3.913
0.700 ± 0.018,70.965 ± 2.083
0.697 ± 0.013,70.482 ± 3.041
0.694 ± 0.015,70.504 ± 3.091
0.668 ± 0.019,67.807 ± 3.524
0.668 ± 0.019,66.952 ± 4.251
0.657 ± 0.016,66.162 ± 4.046
0.724 ± 0.016,73.575 ± 1.609
0.719 ± 0.016,72.939 ± 1.609
0.709 ± 0.014,72.390 ± 0.841
0.713 ± 0.016,71.864 ± 1.721
0.707 ± 0.013,71.447 ± 1.611
0.697 ± 0.011,70.570 ± 2.173
0.692 ± 0.057,70.000 ± 6.424
0.676 ± 0.048,69.123 ± 5.245
0.685 ± 0.019,69.890 ± 3.469
0.666 ± 0.107,67.127 ± 12.044
0.715 ± 0.089,72.763 ± 9.448
0.703 ± 0.076,71.886 ± 8.489
0.709 ± 0.032,72.456 ± 3.381
0.709 ± 0.023,71.974 ± 2.845
0.692 ± 0.016,70.768 ± 1.979
0.713 ± 0.058,73.333 ± 5.264
0.707 ± 0.049,72.346 ± 4.831
0.680 ± 0.039,69.627 ± 4.191
0.732 ± 0.018,74.605 ± 1.751
0.726 ± 0.014,74.211 ± 1.066
0.717 ± 0.011,73.048 ± 1.389
0.725 ± 0.035,74.101 ± 3.954
0.717 ± 0.034,72.982 ± 3.907
0.703 ± 0.023,72.259 ± 2.724
0.756 ± 0.013,76.754 ± 1.513
0.751 ± 0.011,76.667 ± 0.715
0.743 ± 0.012,75.504 ± 1.024
0.745 ± 0.020,75.833 ± 1.655
0.736 ± 0.020,74.693 ± 2.393
0.729 ± 0.017,74.386 ± 2.110
0.691 ± 0.064,70.044 ± 6.707
0.704 ± 0.064,71.689 ± 7.085
0.712 ± 0.056,72.127 ± 6.366
0.619 ± 0.085,63.399 ± 9.972
0.667 ± 0.112,67.654 ± 12.966
0.740 ± 0.066,74.846 ± 6.929
0.715 ± 0.038,73.311 ± 4.544
0.718 ± 0.038,72.939 ± 4.756
0.712 ± 0.034,72.193 ± 4.027
0.693 ± 0.069,70.921 ± 7.303
0.702 ± 0.057,71.272 ± 6.718
0.696 ± 0.051,70.811 ± 5.704
0.742 ± 0.027,75.592 ± 2.567
0.742 ± 0.028,75.482 ± 2.934
0.728 ± 0.024,74.474 ± 2.051
0.740 ± 0.034,75.855 ± 3.927
0.739 ± 0.039,75.636 ± 3.784
0.726 ± 0.037,73.662 ± 4.510
0.752 ± 0.019,77.259 ± 1.475
0.750 ± 0.018,76.886 ± 1.927
0.749 ± 0.018,76.294 ± 1.725
0.750 ± 0.018,76.820 ± 1.401
0.748 ± 0.024,76.250 ± 1.719
0.735 ± 0.021,75.307 ± 2.053
0.703 ± 0.066,70.680 ± 7.231
0.675 ± 0.054,68.575 ± 6.250
0.676 ± 0.035,68.202 ± 4.303
0.657 ± 0.096,66.798 ± 10.818
0.669 ± 0.108,67.895 ± 11.743
0.708 ± 0.077,71.645 ± 8.577
0.717 ± 0.041,72.675 ± 4.586
0.718 ± 0.039,72.719 ± 4.422
0.689 ± 0.021,70.219 ± 3.179
0.699 ± 0.065,71.425 ± 6.819
0.701 ± 0.064,71.469 ± 6.483
0.678 ± 0.051,68.640 ± 6.093
0.736 ± 0.026,75.351 ± 2.489
0.726 ± 0.013,73.925 ± 1.406
0.721 ± 0.009,73.377 ± 1.442
0.743 ± 0.033,76.031 ± 2.983
0.728 ± 0.034,74.496 ± 3.433
0.707 ± 0.034,72.610 ± 3.709
0.754 ± 0.014,76.667 ± 1.071
0.749 ± 0.017,76.404 ± 0.889
0.741 ± 0.012,75.461 ± 1.154
0.751 ± 0.019,76.952 ± 1.677
0.745 ± 0.019,75.921 ± 1.652
0.726 ± 0.021,74.167 ± 1.883
0.653 ± 0.039,66.206 ± 4.707
0.641 ± 0.030,65.482 ± 5.082
0.649 ± 0.028,65.921 ± 4.843
0.698 ± 0.079,71.469 ± 8.894
0.712 ± 0.070,72.807 ± 7.249
0.720 ± 0.030,73.596 ± 2.474
0.673 ± 0.019,68.925 ± 2.970
0.676 ± 0.017,68.969 ± 1.780
0.683 ± 0.018,69.561 ± 1.916
0.691 ± 0.060,70.219 ± 6.102
0.671 ± 0.037,68.180 ± 4.656
0.652 ± 0.028,66.206 ± 4.125
0.717 ± 0.010,72.939 ± 1.165
0.717 ± 0.015,73.311 ± 1.123
0.715 ± 0.013,72.566 ± 1.423
0.706 ± 0.034,71.031 ± 4.157
0.688 ± 0.022,69.868 ± 3.516
0.669 ± 0.015,68.618 ± 1.642
0.751 ± 0.011,75.746 ± 1.128
0.743 ± 0.015,75.461 ± 1.325
0.735 ± 0.010,75.154 ± 0.910
0.730 ± 0.013,74.430 ± 1.132
0.727 ± 0.011,73.596 ± 1.696
0.715 ± 0.010,72.741 ± 1.442
0.662 ± 0.052,66.667 ± 5.567
0.666 ± 0.050,66.996 ± 5.079
0.653 ± 0.026,65.943 ± 4.086
0.667 ± 0.088,67.632 ± 9.220
0.666 ± 0.096,67.500 ± 9.960
0.688 ± 0.050,69.737 ± 4.687
0.706 ± 0.040,70.789 ± 3.835
0.692 ± 0.028,69.364 ± 3.211
0.684 ± 0.017,69.627 ± 2.843
0.717 ± 0.069,72.719 ± 6.855
0.710 ± 0.064,71.930 ± 5.574
0.693 ± 0.049,70.219 ± 5.041
0.738 ± 0.027,74.671 ± 2.330
0.719 ± 0.019,72.741 ± 2.489
0.698 ± 0.030,70.482 ± 3.520
0.747 ± 0.038,75.943 ± 3.412
0.724 ± 0.037,73.553 ± 3.727
0.713 ± 0.035,72.083 ± 3.245
0.744 ± 0.021,75.724 ± 1.575
0.736 ± 0.013,74.890 ± 1.257
0.703 ± 0.031,71.316 ± 3.822
0.750 ± 0.021,76.075 ± 1.697
0.739 ± 0.019,75.066 ± 2.101
0.726 ± 0.014,73.618 ± 1.591
0.649 ± 0.046,66.360 ± 6.340
0.645 ± 0.036,65.219 ± 5.350
0.632 ± 0.030,64.539 ± 5.453
0.684 ± 0.079,69.298 ± 9.056
0.684 ± 0.090,69.079 ± 9.986
0.716 ± 0.025,72.083 ± 2.716
0.692 ± 0.017,70.351 ± 2.581
0.677 ± 0.017,68.794 ± 3.410
0.675 ± 0.015,68.311 ± 2.387
0.698 ± 0.066,70.943 ± 6.374
0.665 ± 0.061,67.039 ± 5.953
0.636 ± 0.043,64.649 ± 6.248
0.720 ± 0.016,72.961 ± 1.047
0.711 ± 0.015,72.522 ± 1.538
0.706 ± 0.017,72.303 ± 1.835
0.716 ± 0.037,72.018 ± 4.224
0.691 ± 0.022,69.408 ± 3.249
0.663 ± 0.016,67.632 ± 2.474
0.744 ± 0.013,75.658 ± 1.308
0.740 ± 0.011,75.044 ± 1.188
0.734 ± 0.013,74.649 ± 1.317
0.736 ± 0.015,74.496 ± 1.991
0.722 ± 0.016,73.114 ± 1.920
0.719 ± 0.011,72.982 ± 1.565
0.678 ± 0.028,68.421 ± 4.148
0.664 ± 0.032,66.952 ± 3.755
0.668 ± 0.024,68.487 ± 3.300
0.690 ± 0.041,69.496 ± 3.947
0.679 ± 0.033,68.838 ± 3.475
0.659 ± 0.033,66.513 ± 3.303
0.687 ± 0.017,69.715 ± 3.287
0.685 ± 0.019,69.518 ± 3.631
0.693 ± 0.014,69.890 ± 3.192
0.668 ± 0.038,67.522 ± 4.932
0.670 ± 0.040,67.675 ± 3.797
0.664 ± 0.036,67.105 ± 3.798
0.702 ± 0.016,71.447 ± 2.175
0.702 ± 0.014,71.382 ± 2.528
0.699 ± 0.016,71.469 ± 1.775
0.675 ± 0.017,68.553 ± 3.444
0.667 ± 0.013,67.171 ± 2.889
0.663 ± 0.022,67.018 ± 3.523
0.731 ± 0.013,73.969 ± 1.185
0.720 ± 0.016,73.026 ± 1.993
0.717 ± 0.011,72.654 ± 1.635
0.707 ± 0.011,71.754 ± 1.326
0.710 ± 0.011,71.645 ± 1.591
0.696 ± 0.018,70.899 ± 1.790
0.636 ± 0.033,64.693 ± 4.421
0.646 ± 0.034,65.417 ± 4.851
0.649 ± 0.036,66.294 ± 4.288
0.627 ± 0.096,63.487 ± 10.180
0.630 ± 0.077,63.904 ± 7.966
0.629 ± 0.042,62.982 ± 5.129
0.666 ± 0.020,67.259 ± 4.384
0.691 ± 0.021,69.693 ± 3.652
0.689 ± 0.027,70.417 ± 3.411
0.653 ± 0.045,66.228 ± 5.668
0.655 ± 0.041,65.768 ± 4.943
0.644 ± 0.030,65.197 ± 4.324
0.678 ± 0.023,67.917 ± 2.968
0.680 ± 0.013,68.882 ± 3.012
0.685 ± 0.016,69.649 ± 2.677
0.685 ± 0.036,68.860 ± 4.965
0.662 ± 0.024,66.425 ± 4.675
0.660 ± 0.018,65.965 ± 3.712
0.684 ± 0.028,69.101 ± 3.443
0.679 ± 0.018,68.553 ± 3.356
0.673 ± 0.021,67.610 ± 3.413
0.706 ± 0.026,70.833 ± 3.400
0.678 ± 0.024,68.224 ± 3.378
0.677 ± 0.018,68.158 ± 3.529
0.651 ± 0.026,65.439 ± 4.304
0.659 ± 0.030,66.316 ± 3.939
0.657 ± 0.033,66.184 ± 3.640
0.648 ± 0.082,65.548 ± 8.921
0.652 ± 0.062,65.965 ± 6.685
0.654 ± 0.026,65.746 ± 3.221
0.675 ± 0.019,68.443 ± 4.173
0.682 ± 0.023,69.386 ± 4.359
0.672 ± 0.025,68.136 ± 4.376
0.673 ± 0.049,68.750 ± 5.322
0.661 ± 0.048,66.491 ± 5.140
0.649 ± 0.030,65.351 ± 4.139
0.703 ± 0.010,71.250 ± 1.935
0.696 ± 0.013,71.162 ± 1.920
0.687 ± 0.016,70.285 ± 1.965
0.666 ± 0.024,67.127 ± 3.895
0.664 ± 0.016,66.974 ± 3.333
0.660 ± 0.022,66.579 ± 3.684
0.720 ± 0.015,73.553 ± 1.539
0.715 ± 0.020,72.895 ± 1.879
0.709 ± 0.018,72.061 ± 1.234
0.704 ± 0.015,71.667 ± 1.236
0.701 ± 0.015,71.162 ± 1.178
0.693 ± 0.014,70.417 ± 2.077
0.717 ± 0.077,72.215 ± 7.647
0.722 ± 0.072,72.763 ± 7.298
0.700 ± 0.059,70.263 ± 6.189
0.616 ± 0.124,62.346 ± 13.388
0.652 ± 0.123,66.118 ± 12.352
0.728 ± 0.070,74.276 ± 7.105
0.722 ± 0.051,72.939 ± 5.108
0.731 ± 0.046,74.342 ± 4.195
0.714 ± 0.040,72.237 ± 4.249
0.689 ± 0.089,69.846 ± 9.099
0.715 ± 0.071,72.610 ± 7.181
0.743 ± 0.052,75.307 ± 5.006
0.742 ± 0.032,74.890 ± 2.948
0.732 ± 0.019,74.452 ± 2.118
0.729 ± 0.013,74.145 ± 0.983
0.740 ± 0.051,75.504 ± 4.467
0.730 ± 0.050,74.101 ± 4.678
0.726 ± 0.052,73.706 ± 4.837
0.747 ± 0.016,76.206 ± 1.287
0.747 ± 0.014,76.075 ± 1.382
0.744 ± 0.014,75.680 ± 1.505
0.756 ± 0.032,76.316 ± 2.506
0.756 ± 0.028,76.798 ± 2.416
0.741 ± 0.031,75.439 ± 3.307
0.650 ± 0.053,66.031 ± 6.603
0.682 ± 0.059,69.298 ± 7.358
0.705 ± 0.054,71.228 ± 6.134
0.573 ± 0.091,57.982 ± 10.686
0.565 ± 0.069,57.961 ± 7.108
0.662 ± 0.101,67.500 ± 10.314
0.693 ± 0.034,70.811 ± 4.310
0.686 ± 0.020,70.044 ± 3.187
0.707 ± 0.040,71.711 ± 4.713
0.664 ± 0.071,68.180 ± 8.085
0.682 ± 0.070,69.474 ± 8.205
0.728 ± 0.059,74.101 ± 6.936
0.727 ± 0.022,73.882 ± 2.969
0.726 ± 0.020,74.013 ± 2.956
0.724 ± 0.023,73.794 ± 2.946
0.708 ± 0.044,72.346 ± 5.243
0.714 ± 0.049,72.654 ± 5.224
0.728 ± 0.044,74.211 ± 5.110
0.745 ± 0.011,75.899 ± 1.258
0.747 ± 0.017,76.382 ± 2.167
0.744 ± 0.012,75.482 ± 1.487
0.741 ± 0.025,75.987 ± 2.358
0.732 ± 0.026,74.693 ± 3.237
0.735 ± 0.027,74.846 ± 2.610
0.661 ± 0.070,66.425 ± 8.300
0.684 ± 0.074,68.728 ± 8.418
0.686 ± 0.045,69.276 ± 5.965
0.566 ± 0.104,57.325 ± 10.716
0.614 ± 0.107,61.864 ± 10.983
0.671 ± 0.105,67.829 ± 11.308
0.691 ± 0.038,70.614 ± 4.253
0.708 ± 0.044,72.083 ± 4.465
0.693 ± 0.030,70.811 ± 3.718
0.650 ± 0.074,66.404 ± 8.164
0.681 ± 0.075,68.882 ± 8.551
0.708 ± 0.055,72.281 ± 5.810
0.719 ± 0.011,73.158 ± 1.749
0.721 ± 0.014,73.531 ± 2.076
0.719 ± 0.013,72.982 ± 1.661
0.717 ± 0.048,73.070 ± 5.657
0.707 ± 0.049,72.127 ± 5.045
0.709 ± 0.043,71.974 ± 4.615
0.747 ± 0.015,75.855 ± 1.199
0.747 ± 0.013,76.009 ± 1.261
0.742 ± 0.012,75.373 ± 1.585
0.740 ± 0.028,75.768 ± 2.863
0.737 ± 0.027,74.868 ± 3.165
0.731 ± 0.024,74.496 ± 2.304
0.669 ± 0.050,67.632 ± 5.447
0.666 ± 0.048,67.325 ± 4.958
0.660 ± 0.044,66.206 ± 4.536
0.622 ± 0.118,63.048 ± 12.344
0.665 ± 0.109,67.741 ± 10.904
0.711 ± 0.059,72.412 ± 5.302
0.674 ± 0.027,67.588 ± 4.376
0.681 ± 0.015,68.662 ± 3.520
0.685 ± 0.025,69.781 ± 3.574
0.685 ± 0.071,69.167 ± 7.463
0.694 ± 0.057,70.307 ± 6.312
0.681 ± 0.061,68.925 ± 6.224
0.712 ± 0.017,73.004 ± 1.258
0.719 ± 0.016,73.158 ± 1.202
0.712 ± 0.018,73.048 ± 1.350
0.711 ± 0.040,71.820 ± 4.658
0.703 ± 0.033,70.789 ± 4.640
0.679 ± 0.028,68.618 ± 4.357
0.741 ± 0.014,74.978 ± 1.299
0.739 ± 0.014,75.417 ± 1.436
0.731 ± 0.013,74.671 ± 1.485
0.723 ± 0.024,72.851 ± 2.653
0.711 ± 0.019,72.171 ± 2.524
0.709 ± 0.011,71.930 ± 1.092
0.644 ± 0.071,65.702 ± 7.734
0.643 ± 0.050,65.197 ± 5.953
0.650 ± 0.026,66.557 ± 4.350
0.546 ± 0.079,54.781 ± 7.982
0.563 ± 0.078,57.873 ± 9.196
0.616 ± 0.096,62.434 ± 10.036
0.678 ± 0.033,68.904 ± 4.833
0.671 ± 0.032,68.136 ± 4.486
0.682 ± 0.025,68.750 ± 4.301
0.668 ± 0.085,67.741 ± 9.201
0.678 ± 0.074,69.276 ± 7.370
0.683 ± 0.061,69.057 ± 5.390
0.714 ± 0.034,72.215 ± 3.040
0.696 ± 0.038,70.482 ± 3.879
0.701 ± 0.022,70.987 ± 3.118
0.707 ± 0.050,71.206 ± 6.477
0.702 ± 0.042,70.789 ± 5.144
0.693 ± 0.047,70.373 ± 4.080
0.734 ± 0.021,75.066 ± 1.912
0.713 ± 0.035,72.390 ± 3.632
0.706 ± 0.032,71.162 ± 3.654
0.739 ± 0.032,75.373 ± 2.970
0.726 ± 0.029,73.816 ± 3.268
0.718 ± 0.025,72.829 ± 2.776
0.658 ± 0.060,66.316 ± 7.230
0.651 ± 0.053,65.219 ± 6.536
0.648 ± 0.029,66.053 ± 3.586
0.563 ± 0.103,56.798 ± 11.089
0.614 ± 0.107,62.434 ± 10.494
0.710 ± 0.059,71.732 ± 5.313
0.675 ± 0.035,68.575 ± 4.490
0.674 ± 0.020,68.596 ± 3.880
0.682 ± 0.016,69.605 ± 2.468
0.673 ± 0.080,68.289 ± 8.523
0.677 ± 0.075,68.794 ± 7.922
0.690 ± 0.054,69.430 ± 5.357
0.712 ± 0.016,72.412 ± 1.503
0.707 ± 0.014,71.645 ± 1.991
0.706 ± 0.017,71.842 ± 1.884
0.717 ± 0.048,72.478 ± 4.653
0.698 ± 0.037,69.561 ± 5.194
0.679 ± 0.034,68.048 ± 4.977
0.741 ± 0.012,74.890 ± 1.253
0.732 ± 0.013,74.671 ± 1.425
0.728 ± 0.011,73.969 ± 1.320
0.722 ± 0.028,72.873 ± 3.561
0.717 ± 0.022,72.632 ± 2.428
0.709 ± 0.018,71.930 ± 1.856
0.635 ± 0.021,64.189 ± 3.546
0.664 ± 0.019,66.404 ± 2.810
0.664 ± 0.027,67.018 ± 2.563
0.586 ± 0.081,60.044 ± 8.357
0.628 ± 0.080,63.531 ± 8.035
0.647 ± 0.057,65.943 ± 4.754
0.678 ± 0.018,67.939 ± 3.506
0.681 ± 0.020,69.254 ± 4.307
0.685 ± 0.016,69.474 ± 3.723
0.657 ± 0.051,66.645 ± 6.094
0.665 ± 0.033,66.820 ± 4.092
0.665 ± 0.030,66.776 ± 2.672
0.696 ± 0.017,70.724 ± 2.174
0.703 ± 0.014,70.987 ± 2.348
0.705 ± 0.014,71.360 ± 2.965
0.676 ± 0.033,67.697 ± 5.086
0.669 ± 0.029,67.588 ± 4.155
0.668 ± 0.014,67.061 ± 3.555
0.729 ± 0.014,73.772 ± 1.485
0.716 ± 0.015,72.434 ± 2.090
0.716 ± 0.012,73.026 ± 2.386
0.705 ± 0.012,71.996 ± 1.455
0.699 ± 0.011,70.877 ± 2.976
0.699 ± 0.009,70.417 ± 2.855
0.605 ± 0.033,61.711 ± 4.645
0.616 ± 0.033,62.149 ± 4.751
0.622 ± 0.022,63.443 ± 3.977
0.540 ± 0.051,55.197 ± 5.179
0.575 ± 0.069,57.895 ± 6.491
0.581 ± 0.073,59.145 ± 7.574
0.664 ± 0.020,67.456 ± 4.628
0.665 ± 0.024,67.610 ± 3.918
0.671 ± 0.024,68.509 ± 3.159
0.629 ± 0.060,63.794 ± 6.721
0.620 ± 0.043,62.654 ± 4.778
0.616 ± 0.025,62.522 ± 3.776
0.680 ± 0.012,68.991 ± 3.488
0.689 ± 0.020,69.715 ± 3.489
0.694 ± 0.016,70.702 ± 2.908
0.668 ± 0.033,67.478 ± 5.436
0.652 ± 0.026,65.724 ± 4.076
0.671 ± 0.025,67.785 ± 4.806
0.671 ± 0.027,67.368 ± 4.158
0.676 ± 0.014,68.246 ± 3.422
0.676 ± 0.013,69.342 ± 3.051
0.691 ± 0.031,69.101 ± 3.952
0.675 ± 0.029,67.368 ± 4.727
0.671 ± 0.016,67.741 ± 3.926
0.612 ± 0.044,62.303 ± 5.629
0.628 ± 0.034,62.719 ± 3.995
0.636 ± 0.030,64.167 ± 2.991
0.604 ± 0.098,61.250 ± 10.247
0.588 ± 0.078,59.583 ± 8.020
0.597 ± 0.067,60.965 ± 7.476
0.675 ± 0.021,68.070 ± 3.297
0.669 ± 0.028,68.026 ± 3.257
0.676 ± 0.025,69.035 ± 3.599
0.651 ± 0.059,66.096 ± 6.628
0.646 ± 0.046,65.263 ± 5.218
0.654 ± 0.032,65.307 ± 3.138
0.700 ± 0.020,71.140 ± 2.724
0.705 ± 0.017,71.601 ± 2.191
0.707 ± 0.017,71.864 ± 2.624
0.669 ± 0.039,67.303 ± 4.850
0.673 ± 0.032,67.675 ± 4.385
0.660 ± 0.020,66.820 ± 3.178
0.717 ± 0.017,73.202 ± 1.414
0.717 ± 0.017,72.719 ± 2.174
0.712 ± 0.017,72.522 ± 1.864
0.700 ± 0.012,70.746 ± 1.960
0.686 ± 0.021,69.474 ± 2.475
0.692 ± 0.011,70.263 ± 1.972
0.784 ± 0.016,79.276 ± 0.932
0.781 ± 0.018,79.145 ± 0.710
0.779 ± 0.017,78.969 ± 0.631
0.789 ± 0.016,79.211 ± 1.087
0.786 ± 0.017,79.342 ± 0.924
0.785 ± 0.017,78.838 ± 0.816
0.786 ± 0.016,79.079 ± 0.850
0.780 ± 0.016,79.145 ± 0.763
0.780 ± 0.017,78.662 ± 0.996
0.788 ± 0.016,79.386 ± 0.995
0.787 ± 0.017,79.079 ± 0.748
0.784 ± 0.018,79.145 ± 0.922
0.785 ± 0.014,79.298 ± 0.688
0.784 ± 0.016,79.013 ± 0.673
0.777 ± 0.016,78.618 ± 0.582
0.786 ± 0.017,79.298 ± 0.895
0.786 ± 0.015,79.232 ± 0.636
0.785 ± 0.017,79.123 ± 0.789
0.785 ± 0.014,79.364 ± 0.880
0.783 ± 0.016,78.991 ± 0.859
0.779 ± 0.016,78.706 ± 0.811
0.788 ± 0.017,79.342 ± 0.802
0.787 ± 0.016,79.254 ± 0.856
0.784 ± 0.016,79.057 ± 0.911
0.703 ± 0.014,71.513 ± 1.720
0.699 ± 0.008,71.338 ± 1.401
0.695 ± 0.012,70.636 ± 1.963
0.690 ± 0.015,70.110 ± 2.313
0.678 ± 0.026,69.101 ± 3.609
0.684 ± 0.044,69.934 ± 5.195
0.729 ± 0.013,74.101 ± 1.146
0.722 ± 0.013,73.289 ± 1.704
0.721 ± 0.012,72.917 ± 1.668
0.715 ± 0.013,73.180 ± 2.258
0.714 ± 0.018,73.092 ± 2.729
0.706 ± 0.032,72.325 ± 3.820
0.744 ± 0.013,75.811 ± 1.401
0.738 ± 0.015,75.526 ± 1.576
0.736 ± 0.011,75.132 ± 1.682
0.741 ± 0.009,75.702 ± 1.678
0.734 ± 0.009,75.066 ± 2.153
0.739 ± 0.020,75.351 ± 2.069
0.750 ± 0.016,76.996 ± 1.888
0.752 ± 0.014,76.184 ± 1.529
0.747 ± 0.019,76.075 ± 1.972
0.758 ± 0.015,77.544 ± 1.206
0.755 ± 0.014,77.237 ± 1.461
0.750 ± 0.019,77.039 ± 1.591
0.778 ± 0.014,78.947 ± 0.872
0.776 ± 0.015,78.728 ± 0.941
0.773 ± 0.014,78.553 ± 0.671
0.781 ± 0.016,79.145 ± 1.021
0.780 ± 0.015,78.575 ± 1.185
0.774 ± 0.015,78.838 ± 0.895
0.778 ± 0.014,78.860 ± 0.722
0.777 ± 0.015,78.925 ± 0.901
0.774 ± 0.014,78.596 ± 0.839
0.780 ± 0.017,78.794 ± 0.986
0.778 ± 0.015,78.772 ± 1.055
0.774 ± 0.017,78.662 ± 0.838
0.778 ± 0.014,78.969 ± 0.608
0.777 ± 0.014,78.728 ± 0.930
0.773 ± 0.016,78.706 ± 0.869
0.777 ± 0.015,79.013 ± 0.981
0.777 ± 0.015,78.794 ± 0.981
0.774 ± 0.015,78.465 ± 0.808
0.775 ± 0.014,78.728 ± 1.065
0.775 ± 0.016,78.268 ± 0.775
0.771 ± 0.015,78.224 ± 0.832
0.780 ± 0.015,79.123 ± 0.970
0.775 ± 0.016,78.509 ± 0.930
0.774 ± 0.017,78.421 ± 0.761
0.760 ± 0.018,76.535 ± 1.229
0.754 ± 0.015,75.943 ± 1.484
0.743 ± 0.010,74.715 ± 1.341
0.774 ± 0.019,78.048 ± 0.968
0.774 ± 0.014,78.004 ± 1.144
0.762 ± 0.014,77.127 ± 0.815
0.760 ± 0.017,76.798 ± 1.247
0.751 ± 0.012,76.053 ± 1.400
0.740 ± 0.014,74.868 ± 1.561
0.775 ± 0.019,77.961 ± 1.111
0.769 ± 0.015,77.281 ± 0.889
0.762 ± 0.013,77.039 ± 1.005
0.764 ± 0.016,76.820 ± 1.161
0.752 ± 0.013,76.206 ± 1.214
0.742 ± 0.010,75.285 ± 1.408
0.776 ± 0.016,77.829 ± 0.922
0.769 ± 0.015,77.368 ± 0.990
0.762 ± 0.015,76.952 ± 1.295
0.766 ± 0.016,77.149 ± 1.263
0.758 ± 0.015,76.579 ± 1.289
0.748 ± 0.010,75.833 ± 1.278
0.774 ± 0.018,78.465 ± 0.859
0.770 ± 0.016,77.654 ± 1.310
0.763 ± 0.015,77.412 ± 0.990
0.701 ± 0.014,71.206 ± 1.632
0.696 ± 0.010,71.360 ± 1.996
0.693 ± 0.009,70.899 ± 1.123
0.683 ± 0.023,68.596 ± 1.883
0.674 ± 0.014,68.224 ± 2.367
0.666 ± 0.016,67.018 ± 2.167
0.725 ± 0.013,73.575 ± 1.320
0.722 ± 0.011,73.224 ± 2.109
0.711 ± 0.013,72.566 ± 2.229
0.711 ± 0.014,72.127 ± 1.977
0.708 ± 0.013,71.228 ± 1.929
0.698 ± 0.013,70.175 ± 1.732
0.739 ± 0.012,75.263 ± 1.333
0.735 ± 0.016,74.539 ± 1.443
0.730 ± 0.016,73.882 ± 1.697
0.737 ± 0.016,75.285 ± 1.650
0.728 ± 0.022,74.320 ± 1.339
0.720 ± 0.015,73.355 ± 1.039
0.746 ± 0.010,75.811 ± 1.702
0.737 ± 0.012,74.254 ± 1.945
0.733 ± 0.017,74.145 ± 1.880
0.753 ± 0.014,76.886 ± 1.335
0.742 ± 0.015,75.702 ± 1.319
0.742 ± 0.015,75.395 ± 1.188
0.740 ± 0.017,74.868 ± 1.594
0.732 ± 0.014,74.079 ± 1.091
0.716 ± 0.014,72.018 ± 1.755
0.759 ± 0.015,77.018 ± 1.330
0.757 ± 0.013,76.118 ± 1.026
0.747 ± 0.016,75.680 ± 1.195
0.744 ± 0.017,74.561 ± 1.710
0.733 ± 0.013,74.496 ± 1.391
0.721 ± 0.016,72.829 ± 1.717
0.759 ± 0.015,76.930 ± 0.999
0.755 ± 0.013,76.184 ± 1.557
0.745 ± 0.017,75.811 ± 1.665
0.748 ± 0.012,75.504 ± 1.445
0.740 ± 0.009,74.803 ± 1.589
0.732 ± 0.014,74.167 ± 1.608
0.764 ± 0.015,76.908 ± 1.088
0.755 ± 0.011,76.447 ± 0.977
0.750 ± 0.015,75.504 ± 1.627
0.759 ± 0.013,76.886 ± 1.206
0.755 ± 0.013,76.513 ± 1.498
0.747 ± 0.010,75.307 ± 1.291
0.765 ± 0.014,77.763 ± 0.947
0.759 ± 0.012,76.689 ± 1.275
0.750 ± 0.016,75.724 ± 1.323
0.731 ± 0.011,73.794 ± 1.478
0.726 ± 0.015,73.618 ± 1.670
0.723 ± 0.018,72.807 ± 1.693
0.752 ± 0.012,76.009 ± 1.679
0.745 ± 0.012,75.307 ± 1.363
0.733 ± 0.013,73.925 ± 1.875
0.728 ± 0.013,73.158 ± 1.895
0.725 ± 0.015,73.092 ± 1.650
0.721 ± 0.016,72.654 ± 1.679
0.750 ± 0.013,75.965 ± 1.576
0.743 ± 0.011,74.978 ± 1.925
0.732 ± 0.012,73.706 ± 1.552
0.729 ± 0.012,74.145 ± 1.392
0.726 ± 0.014,73.904 ± 1.169
0.725 ± 0.012,73.202 ± 1.414
0.753 ± 0.013,75.241 ± 0.958
0.743 ± 0.013,75.373 ± 1.380
0.732 ± 0.011,73.816 ± 1.401
0.742 ± 0.013,74.561 ± 1.438
0.737 ± 0.013,74.123 ± 1.033
0.730 ± 0.016,73.882 ± 1.812
0.753 ± 0.012,76.031 ± 1.148
0.745 ± 0.011,75.417 ± 1.295
0.738 ± 0.013,74.518 ± 1.811
0.667 ± 0.017,68.026 ± 3.459
0.681 ± 0.021,68.509 ± 3.089
0.676 ± 0.016,68.662 ± 3.139
0.647 ± 0.018,65.504 ± 2.771
0.645 ± 0.023,65.636 ± 2.913
0.650 ± 0.024,65.658 ± 3.009
0.693 ± 0.018,70.746 ± 2.081
0.695 ± 0.016,70.855 ± 2.138
0.697 ± 0.015,70.921 ± 2.991
0.694 ± 0.011,70.066 ± 1.962
0.685 ± 0.007,69.364 ± 2.031
0.673 ± 0.013,68.662 ± 2.464
0.720 ± 0.014,72.829 ± 1.764
0.708 ± 0.013,71.952 ± 2.145
0.708 ± 0.011,71.842 ± 1.820
0.718 ± 0.011,72.741 ± 1.152
0.712 ± 0.014,72.412 ± 2.057
0.695 ± 0.013,70.680 ± 1.156
0.719 ± 0.020,73.311 ± 1.516
0.723 ± 0.011,73.246 ± 2.113
0.709 ± 0.011,72.961 ± 2.378
0.730 ± 0.014,73.794 ± 1.034
0.731 ± 0.013,74.035 ± 1.529
0.719 ± 0.016,72.719 ± 2.003
0.696 ± 0.020,70.746 ± 1.804
0.699 ± 0.019,70.504 ± 1.907
0.699 ± 0.017,70.461 ± 2.382
0.730 ± 0.012,73.465 ± 1.390
0.726 ± 0.012,72.873 ± 1.659
0.713 ± 0.017,71.952 ± 1.720
0.707 ± 0.014,71.974 ± 1.721
0.704 ± 0.017,70.965 ± 2.245
0.706 ± 0.015,71.009 ± 2.283
0.727 ± 0.013,74.101 ± 1.546
0.722 ± 0.014,72.654 ± 1.892
0.714 ± 0.016,72.105 ± 1.670
0.720 ± 0.011,72.697 ± 1.465
0.721 ± 0.013,72.785 ± 1.486
0.715 ± 0.010,72.368 ± 1.763
0.734 ± 0.013,74.539 ± 1.446
0.725 ± 0.009,73.772 ± 1.526
0.716 ± 0.012,72.697 ± 1.892
0.745 ± 0.013,75.439 ± 1.079
0.738 ± 0.013,74.693 ± 1.202
0.726 ± 0.011,73.969 ± 1.621
0.742 ± 0.011,75.417 ± 1.162
0.734 ± 0.009,74.408 ± 1.352
0.729 ± 0.014,73.838 ± 1.455
